[{"id":57,"collection_id":13,"shape_type":"circle","radius":"672.2107126208742","label":null,"color":null,"visibility":1,"coords":[{"id":145,"audio_zones_id":57,"lat":"53.22484351932839","lng":"5.722675323486329"}],"effects":[{"id":12,"track_id":51,"audio_zone_id":57,"fadeIn":100,"fadeOut":100,"volume":83,"loopable":1,"playonce":1}]},{"id":58,"collection_id":13,"shape_type":"rectangle","radius":null,"label":null,"color":null,"visibility":1,"coords":[{"id":146,"audio_zones_id":58,"lat":"53.204901574482946","lng":"5.768508911132813"},{"id":147,"audio_zones_id":58,"lat":"53.215798839064085","lng":"5.768508911132813"},{"id":148,"audio_zones_id":58,"lat":"53.215798839064085","lng":"5.7851600646972665"},{"id":149,"audio_zones_id":58,"lat":"53.204901574482946","lng":"5.7851600646972665"}],"effects":[{"id":13,"track_id":52,"audio_zone_id":58,"fadeIn":0,"fadeOut":0,"volume":12,"loopable":1,"playonce":0}]},{"id":59,"collection_id":13,"shape_type":"circle","radius":"698.0405917551758","label":null,"color":null,"visibility":1,"coords":[{"id":150,"audio_zones_id":59,"lat":"53.21929360103657","lng":"5.80455780029297"}]},{"id":60,"collection_id":13,"shape_type":"rectangle","radius":null,"label":null,"color":null,"visibility":1,"coords":[{"id":151,"audio_zones_id":60,"lat":"53.190299008547946","lng":"5.759925842285157"},{"id":152,"audio_zones_id":60,"lat":"53.19646971370752","lng":"5.759925842285157"},{"id":153,"audio_zones_id":60,"lat":"53.19646971370752","lng":"5.767822265625001"},{"id":154,"audio_zones_id":60,"lat":"53.190299008547946","lng":"5.767822265625001"}],"effects":[{"id":14,"track_id":48,"audio_zone_id":60,"fadeIn":100,"fadeOut":100,"volume":98,"loopable":1,"playonce":1}]},{"id":61,"collection_id":13,"shape_type":"circle","radius":"752.3776572221957","label":null,"color":null,"visibility":1,"coords":[{"id":155,"audio_zones_id":61,"lat":"53.20294799828713","lng":"5.800609588623048"}]}]